4.824990754568876383e+01,-2.144028021968709119e+00,4.181264515356088651e+01,1.913897602185625102e+00,2.236722675394255677e-01,5.622126371096417330e+00,9.312034855311429382e+00,1.270072372069087185e+00,1.570614101749484526e+01,-1.924428292668906582e-01,3.219174572531245815e+01,6.992599000958041415e+02,1.515255765183062486e+01,2.669923343686269046e+00,-7.348181893281520161e-01,1.725122872636610083e+01,-5.997379765483833169e-02,5.952775680658720425e+00,-5.824265128697336119e-02
2.437438834612521177e+01,-5.867002534615763931e-01,4.644151924273894139e+01,1.727351840494639967e+00,3.327348080601602587e-01,4.192540826947100285e+00,9.787612164663791248e+00,1.279302941419644624e+00,1.307690062111942098e+01,-4.553896364532838414e-01,2.867134166872778778e+01,8.332573737171792345e+02,1.553438170252933581e+01,2.809298004384831238e+00,-9.729818819283061471e-01,7.788574313599383458e+00,-1.709539285445662487e-03,6.908097343905180487e+00,-8.732739139348212609e-02
2.571270967930464835e+01,-5.727383409380755186e-01,4.522174142597340563e+01,1.683519406270509888e+00,2.628999239427056156e-01,4.844492017660340544e+00,9.275298105688507988e+00,1.194677916710454868e+00,1.713062394798929589e+01,-4.761885105088353165e-01,2.924170990844271145e+01,8.821377638407362838e+02,1.439393959075621510e+01,2.556119448492557122e+00,-6.953043155015397048e-01,1.022594414767809212e+01,-3.962016302579067506e-02,7.038853283518966997e+00,-6.712839958441620125e-02
1.417109260476044064e+01,-2.630293399572683488e-01,5.158657430414412204e+01,1.651643622797111632e+00,2.563805102208777664e-01,4.261563320166696478e+00,8.345240495283649196e+00,1.220028545660605257e+00,6.907448603948257215e+00,-5.298140253484875384e-01,2.471077903593429426e+01,7.309635866031870819e+02,1.425765668809788700e+01,3.471137861382954437e+00,-1.693794299218766231e+00,4.094101460282160154e+00,-2.215427247881836259e-02,5.039581034794901271e+00,-1.310008414800827858e-01
1.549374459490479161e+01,1.425714568632764134e+00,5.196868521244568484e+01,1.292086062092752785e+00,3.156873265925164707e-01,5.082594597494813904e+00,7.418369984904001235e+00,1.124314541276741242e+00,1.263401769410070585e+01,-6.758525310269366537e-01,2.704809465595320006e+01,9.272849359633694348e+02,1.463793667382216057e+01,3.486314881954541089e+00,-1.171449024210641232e+00,0.000000000000000000e+00,-5.327590661347926526e-02,6.390792780028358600e+00,-1.053487489316637660e-01
2.008268003079177433e+01,1.718137208268878613e+00,5.340270381911748387e+01,1.632023898123710959e+00,4.258499828084506555e-01,6.481645856356533564e+00,8.944585922163284408e+00,1.092693905458434145e+00,1.761934083687374297e+01,-5.267030196177400203e-01,2.949918810526530066e+01,9.523345079806969125e+02,1.509917576651628757e+01,3.922353906524349565e+00,-1.364023316776469263e-01,6.201320022438038038e+00,5.028070722886136303e-03,7.097926107446651756e+00,-6.534868288280414050e-02
3.106614576652021853e+01,2.108914121755829929e-01,5.797159930666814631e+01,2.389427883998152424e+00,4.600371766640334870e-01,4.598078647153131193e+00,9.599971843075524092e+00,1.281006648686189964e+00,1.254240435160075684e+01,-2.596519851826783465e-01,2.646983164978027503e+01,7.581759685111622957e+02,1.480630194698386326e+01,3.870785538897250078e+00,4.379792760415260888e-01,1.734425796666515041e+01,1.419228802288562477e-02,6.188940078661120836e+00,-8.244045096924269844e-02
1.924432283590630632e+01,2.161585315913777117e-01,5.306137620314783021e+01,2.068626658483799563e+00,3.432695406553740725e-01,4.431232015919173151e+00,9.238701878177291604e+00,1.255694853582165482e+00,9.200462153935838217e+00,-4.236844499580715850e-01,2.484098692679737042e+01,7.140641610002367088e+02,1.427764050743796531e+01,3.864453676221443867e+00,-6.233597175755725139e-01,8.421002906241820796e+00,2.786345031968388494e-02,5.760096703356150982e+00,-9.950016868078091770e-02
2.195501577336412424e+01,2.240173338860445562e-01,5.088872462157286236e+01,1.802764903624315185e+00,4.270788899508699554e-01,5.648996818761254701e+00,8.814229479016580271e+00,1.167516079580794841e+00,1.231187725144942924e+01,-4.904779526276885626e-01,2.639019680023193359e+01,8.200241511077061887e+02,1.480234538996979055e+01,3.916635360157707080e+00,3.908012516648209228e-02,5.086055287446211715e+00,3.302122925658563385e-02,6.427906576508899406e+00,-9.024689439655994572e-02
3.270667957674429260e+01,-4.860553302045800272e-02,5.741612251836804859e+01,2.345048036204555153e+00,4.750697067145883135e-01,6.039508881194300294e+00,9.781740434462841804e+00,1.308121183499743267e+00,1.298324527225297942e+01,-1.897692894018444820e-01,2.883617379687247961e+01,7.969808264118510124e+02,1.832125297606585335e+01,3.735432458146664025e+00,7.870369374734974555e-01,1.749797101459522608e+01,7.341904434214427400e-02,6.819618826499100450e+00,-2.222900801525489259e-02
2.789267433011531239e+01,-9.999245300228464250e-01,5.003563110003054248e+01,2.101808377655902671e+00,3.701223616141228190e-01,9.295893444225036717e+00,1.053051663592176546e+01,1.141636132912815738e+00,1.724898230076414052e+01,-1.641621254590089063e-01,3.364221094861442651e+01,8.029836029029926294e+02,1.534777013963123515e+01,2.925383240068858637e+00,3.557582864662255928e-01,2.077506888799734242e+01,2.544392299271766231e-02,7.132389617621399225e+00,6.967170822515481032e-02
3.578490912315162831e+01,8.281685000015407416e-01,5.618862285168059856e+01,2.472773473578670611e+00,5.268191148650291922e-01,5.478227343555420958e+00,1.012688442245466014e+01,1.419228343672404025e+00,1.412826085914412388e+01,-1.761203261213780680e-01,2.851557683383717290e+01,8.206809080010623347e+02,1.952667774054557626e+01,4.182068442168845657e+00,1.846817852453198183e+00,2.553834827182992484e+01,1.330883872079701158e-01,6.514184428917938696e+00,-2.184591686673403171e-02
2.194696827226450608e+01,7.322743569216606518e-01,4.591700825905313366e+01,1.734750213428419396e+00,3.797911808546265422e-01,4.450292826412486136e+00,1.084538448436840241e+01,1.327016133224373506e+00,8.214572374607030270e+00,-3.906435123965168454e-01,2.621956180279071447e+01,6.904549838945708871e+02,1.725181463290979167e+01,3.561416284417783906e+00,-1.638624851134049820e-01,1.507081009082503442e+01,1.692614591130509605e-01,6.143089780103525577e+00,-5.564144548143343250e-02
1.713915723920667489e+01,-3.825016621000572603e-01,3.871634646305091820e+01,1.433843688970037222e+00,2.755401682512816919e-01,4.329777095425602518e+00,9.877040304008636085e+00,1.246052548721399145e+00,7.359686063852028504e+00,-4.869193032420522926e-01,2.400893574388920015e+01,6.247684674406822296e+02,1.523156752689062010e+01,3.169108016412235163e+00,-1.077840413504875139e+00,1.068025877174785698e+01,1.147780619355569243e-01,5.883093711081087918e+00,-6.694023852874574076e-02
2.167903838476909684e+01,-4.687795366446140255e-01,3.810744574778722438e+01,1.455794868859216606e+00,2.978301267477731495e-01,4.829657337509994264e+00,9.667072097819392695e+00,1.247252975097473904e+00,9.407213443208533477e+00,-5.187821480193631762e-01,2.426557757784662783e+01,6.573058288889834557e+02,1.831534808403303671e+01,3.349126374339606471e+00,-6.294217498637592056e-01,1.626317879103535802e+01,1.770130833981782836e-01,6.083593885106848731e+00,-3.928450372197989787e-02
3.659161427918437681e+01,-5.784584903906844211e-01,5.414325949831419393e+01,2.353599190956638498e+00,4.509334432492522748e-01,3.831016555876799234e+00,9.621549155448612112e+00,1.322323405432073606e+00,1.408272188101457800e+01,-1.250300871056560514e-01,2.792025754380123814e+01,7.696625266764428943e+02,1.529445826041071044e+01,3.554176892755847028e+00,6.579683499765394405e-02,2.055365465589984453e+01,3.846450439542470519e-03,6.512438634946914995e+00,-8.404654378839503115e-02
2.894273268332110760e+01,3.724052062784668493e-01,5.398450327065179266e+01,2.381639992620405266e+00,3.789991765113620015e-01,4.256839653820274627e+00,1.020927325249127371e+01,1.420165504152019142e+00,1.004351824353895850e+01,-2.470461470331188347e-01,2.527805576240438867e+01,7.211406328755040249e+02,1.602532112526811758e+01,3.846380589942786532e+00,3.999642974684466945e-01,2.385925663986175493e+01,6.276699514140796077e-02,5.687663775408938527e+00,-9.109489081688001977e-02
2.280815121216144448e+01,-2.779623292359150732e-01,4.885522450832803543e+01,2.071521996994457382e+00,3.453710636826868297e-01,3.292452291846493129e+00,9.437856001503529768e+00,1.260259760731578860e+00,1.030139686234706708e+01,-4.108961979070009929e-01,2.405141448974609375e+01,6.986325333979699508e+02,1.474928218122861523e+01,3.641671588100085177e+00,-3.677214160586712577e-01,1.525318879788205351e+01,-7.035441639958458539e-03,5.729277613655787249e+00,-1.030443914358159102e-01
2.786044631529712490e+01,-2.734962813775415058e-01,4.506110447869784252e+01,1.989375533919403471e+00,3.910282482047245378e-01,4.132078971379045562e+00,9.860340606795803708e+00,1.261355489710349165e+00,1.148120188760968041e+01,-3.190266940920341576e-01,2.640666171482630986e+01,7.042008595096683621e+02,1.485934653360621382e+01,3.611264038442802526e+00,-2.231538517628436358e-01,2.042907239890025295e+01,3.870779388856399744e-02,6.460787121911464759e+00,-8.407425604627390137e-02
2.748441840260465696e+01,-6.502674519374502804e-01,4.887719425718866972e+01,2.103490633334438087e+00,3.928489835872487346e-01,3.380045362911097140e+00,9.260033215637561099e+00,1.301607520344816527e+00,1.263279689632192238e+01,-3.936041357324177037e-01,2.362390713124548114e+01,7.032661140430799378e+02,1.708420288378809815e+01,3.938449060038467842e+00,4.522827423037432681e-01,2.002435777929974492e+01,1.358676086103379789e-02,6.319597137492895200e+00,-8.363270609246943599e-02
2.248950147137459510e+01,-8.334294099286583268e-01,4.396495965577106801e+01,1.887696426922362392e+00,2.953878221937381587e-01,3.547580461066594193e+00,9.169205547996751804e+00,1.263538506776405557e+00,8.582508344155188595e+00,-4.323360794207537494e-01,2.141197099124683945e+01,6.334974045368454654e+02,1.519969775028417835e+01,3.544294885248878924e+00,-6.275201898225610808e-01,1.835911067593249157e+01,-1.127819851172566848e-03,5.810890007556507975e+00,-1.079801271962551185e-01
2.840850115896095218e+01,8.929740635944377614e-01,5.735891211166743631e+01,2.150720146816806899e+00,4.412264006291979901e-01,4.157885917856831703e+00,1.082006744265040332e+01,1.277175033544049043e+00,1.136624436702810570e+01,-4.142486647357220830e-01,2.785549482835077484e+01,7.530622745169986274e+02,1.689207430143893163e+01,3.227706819595325349e+00,4.138534466022718572e-01,2.550976522344818420e+01,4.666324460286686709e-02,6.448953374324086774e+00,-6.631160596049333333e-02
2.459330011867049492e+01,2.516189914577613429e-01,5.215467150274602659e+01,1.831607471106634577e+00,3.717679081526116258e-01,3.449478374257918922e+00,1.063099492384901623e+01,1.236230633071071949e+00,1.047428356014676076e+01,-4.896048358789643618e-01,2.472283145583385888e+01,7.063276465376856095e+02,1.761406315782868504e+01,2.956776423665500975e+00,-3.432249784550199800e-01,2.351450625034928876e+01,4.172493318854436639e-02,6.345182067970894124e+00,-7.704835107279844886e-02
2.998142354639951890e+01,6.104029292940592599e-01,5.948069095255912941e+01,2.641105420041986118e+00,4.248496651931019108e-01,4.095809248196170316e+00,1.002423918943254932e+01,1.426687887682475120e+00,1.175968166091708511e+01,-1.921135188069698907e-01,2.593533428042542610e+01,7.557052220882395659e+02,1.639505018143326964e+01,3.962358968062248632e+00,1.095686050723846172e+00,2.574707638631914008e+01,3.411380218413317261e-02,5.874341100507612268e+00,-8.324246687451841709e-02
4.926620003139874626e+01,-6.233623009521466196e-01,4.498022480187815830e+01,2.304298790393878527e+00,5.572319092662630924e-01,8.944952275549065135e+00,9.300646296264314827e+00,1.464009424406441662e+00,1.951774846802686980e+01,5.437509247047216387e-01,3.503201130726298373e+01,7.311297034817840768e+02,2.330378429694180298e+01,4.069172387340516117e+00,3.596027462017208909e-01,2.987080469747554901e+01,6.500259022824815373e-03,6.753993509238402027e+00,3.899657046815994260e-02
3.682388983860690956e+01,4.659115020403736263e-01,5.752855872846718910e+01,2.496537725062698332e+00,6.086973423267797445e-01,6.842797031063039270e+00,1.056406037713126267e+01,1.369786924756259294e+00,1.837732087287586324e+01,2.974659418516731879e-01,3.514158216094971010e+01,8.744617756470121321e+02,2.138485202729273027e+01,3.860377190210264597e+00,1.660178696821545286e+00,3.223030153085710481e+01,1.065248879602514846e-02,7.413367675480424523e+00,2.097309524042274484e-02
3.291014332747876381e+01,1.227114907577227187e+00,5.929042913729380615e+01,2.315369258883431147e+00,4.985762547803075373e-01,4.297219587661481377e+00,1.105280652192849900e+01,1.425945419128294311e+00,1.365179752342555730e+01,-3.247172979805875714e-01,2.552453824325844067e+01,7.514758803853429754e+02,1.845972982269746154e+01,3.860318996923822965e+00,6.852729677894897620e-01,3.071996673689783108e+01,2.803497431974902310e-02,6.187177330149939536e+00,-7.769275524219355911e-02
2.935712918831942986e+01,5.414590212544118097e-01,5.535510377641695356e+01,2.201437333714997724e+00,4.299186206331407911e-01,5.837272426305123219e+00,1.058965131130608306e+01,1.398770544298414853e+00,1.668143237127285161e+01,-2.607163166680405153e-01,3.020938878109580727e+01,8.181804118452868124e+02,2.463417300225803785e+01,3.595209606043385353e+00,1.070153114666551719e+00,3.219950996821314959e+01,5.300743270651175898e-02,6.395322961172523968e+00,-8.205719229862915368e-03
2.712404195200139156e+01,-2.604811204737030317e-01,5.267140407047281769e+01,2.232582472018058706e+00,4.408170155494324782e-01,5.430141968928729135e+00,1.045067024158927182e+01,1.329161158163561840e+00,1.584224384638882199e+01,-3.806518910682430423e-01,3.002670555747016223e+01,7.552619774442766811e+02,1.917926840677722211e+01,3.724546433508035825e+00,8.934953526769596754e-01,2.426982435717463460e+01,8.532398144288176611e-02,6.815042664176773179e+00,-3.735711908933212616e-02
2.636511717951848510e+01,2.763987174278111358e-01,5.327184294601834580e+01,1.871502616514919115e+00,3.806951458816542622e-01,3.838238123696879445e+00,1.033023005238110237e+01,1.294871050538587864e+00,1.119349845697382584e+01,-4.318478360072930400e-01,2.347751725929370892e+01,7.055997620387211100e+02,2.277968512318480165e+01,3.579310225948661550e+00,-1.384423178330734285e-02,2.614288892287995481e+01,8.086858886701636662e-02,6.141670759028129645e+00,-5.932780316040160706e-02
3.402542701837205641e+01,-1.379543220156735639e-01,5.575741349413878822e+01,2.230066801036211022e+00,3.373476509089340380e-01,5.542002367853819500e+00,9.473323862794170935e+00,1.382374336526410730e+00,1.929542703332204923e+01,-1.800955003841706037e-01,3.040360562498217334e+01,6.845656544048033538e+02,1.995408760395308434e+01,3.678214443785884580e+00,2.383384115299034267e-01,3.165873518068510606e+01,-6.808637158615708784e-02,6.715461796454172294e+00,-3.646783211221522186e-02
4.888292941507106093e+01,-1.926882329101886171e+00,4.467765503712476516e+01,2.376089022153285768e+00,2.628452667141415455e-01,7.072528788151431378e+00,7.520456495223710291e+00,1.376345564771678687e+00,1.346830929892821160e+01,7.589603877853322300e-02,2.964269712974814297e+01,4.884855243522267756e+02,1.485430228926200691e+01,3.410255883954282474e+00,-8.134837257773394059e-01,2.649284114979420579e+01,-1.562745174262752668e-01,6.335200332805418277e+00,-1.011457356520740897e-01
4.017725450880419658e+01,-5.061309558560754818e-01,6.091894948274001109e+01,2.672257978787486721e+00,4.837784851432647693e-01,3.624561401381008796e+00,9.266966419277068212e+00,1.351259300589700674e+00,1.377241766660283950e+01,1.236053353880240679e-01,2.737320390580192608e+01,6.948756826799215105e+02,1.458869011317179520e+01,3.921996683744000123e+00,6.534769848563511119e-02,2.556879288111910498e+01,-2.270446070154812090e-02,6.344967699067212585e+00,-1.071180029326874034e-01
2.667296174214165916e+01,4.407414018016568569e-02,5.740605379589258206e+01,2.341643096540348079e+00,4.139993940359564251e-01,3.331666029309659827e+00,9.973470463649780626e+00,1.285878626966733940e+00,1.238233296635272573e+01,-3.273539088311940848e-01,2.521107160008471837e+01,7.533623293592048640e+02,1.538778256213851492e+01,3.754282129912693389e+00,3.612075835673684426e-02,2.005132703934340554e+01,1.274081672357509076e-02,6.352484317806261771e+00,-9.723984051823171548e-02
2.852471749941081569e+01,1.358282861559635180e+00,5.691190874862850535e+01,2.195583167900902133e+00,4.990256600650112562e-01,4.409838614892668041e+00,1.107286935054320232e+01,1.375085845270652696e+00,1.293947697822851239e+01,-3.616468442863111088e-01,2.703379673279023265e+01,7.894483815609039539e+02,1.728302040677916551e+01,3.645747138633488760e+00,6.620441751215447868e-01,2.729308038246768930e+01,5.849987797752283225e-02,6.336821245707843886e+00,-7.598594736010638728e-02
2.481012270481407356e+01,1.163488353464555425e-01,5.177451837541637047e+01,2.139585807812078855e+00,4.585919197237076639e-01,4.100455752607476967e+00,9.518016578392549221e+00,1.244447922083464553e+00,1.377888954335099214e+01,-4.152410534091256489e-01,2.644817482797722974e+01,8.068164294383046808e+02,1.690373337951573518e+01,4.034710470573468655e+00,6.061060637227871917e-01,1.234946769183136972e+01,4.381477662669071294e-02,6.716843374336101569e+00,-8.327681217418131387e-02
2.778833137014317600e+01,-5.036604788234901875e-01,5.111755685190453846e+01,2.003438487772551735e+00,3.198396113851123546e-01,5.546733786709500791e+00,9.854302713538743319e+00,1.200212194659727949e+00,1.713645993343498830e+01,-4.848229755307615352e-01,3.068386855215396380e+01,8.211293779218476629e+02,1.652223695952115534e+01,3.133821177869866581e+00,4.122439011096012407e-01,2.081055512857567180e+01,-9.684083415969255149e-03,6.547984994348123422e+00,-3.350728009891375953e-02
4.187359193641616173e+01,-6.739647039448544152e-01,5.908565458755975186e+01,2.739925485996087762e+00,5.580083156374403552e-01,4.421232954242135804e+00,9.160444551791870893e+00,1.422119522287229598e+00,1.522759580523916867e+01,1.834449268762952112e-01,2.790725470365840977e+01,6.968021706799323738e+02,1.571032552023253359e+01,3.966812831584061172e+00,4.462928967456798457e-01,2.718714949978930306e+01,-8.463619521843390031e-03,6.721571077475219980e+00,-8.132541922827893344e-02
3.535390901456788271e+01,1.904583544570416509e-01,6.354496045006089133e+01,2.764342221323983217e+00,5.507404244273107485e-01,4.444260434816137639e+00,9.824692168730567943e+00,1.328843845056217665e+00,1.384090974831699583e+01,2.197794332170956849e-02,2.871318174246400901e+01,7.558412265684796694e+02,1.605435582193570809e+01,3.895841250871714401e+00,6.057011238076305260e-01,2.342257619238482391e+01,2.836763375145092553e-02,6.911421122421490537e+00,-6.572652508882446953e-02
3.184070012039188313e+01,3.968326975119992883e-01,6.229358589377252997e+01,2.727009832945098466e+00,5.170357959618091526e-01,4.726198073174269432e+00,1.001012816712526288e+01,1.360028179528723902e+00,1.231122182368968510e+01,-9.198476172099537274e-02,2.703840175271034241e+01,7.840165893288739198e+02,1.667210258297356162e+01,4.067472444115472818e+00,9.960822453035270696e-01,2.220660652350716191e+01,3.761712949387937405e-02,6.373594430381331222e+00,-7.434978613535471459e-02
2.719493972757281242e+01,2.343450946053674822e-01,5.837038517202679344e+01,2.634877841819063260e+00,3.880417529215258177e-01,3.735145346524630483e+00,9.615019079058923168e+00,1.377134229832083001e+00,1.155132887886503390e+01,-2.631247642263471742e-01,2.459569473700089759e+01,7.226823338392860023e+02,1.501874553040411797e+01,3.777586594385687224e+00,5.640899365672920052e-01,2.284970887751067536e+01,-2.853911209307475466e-02,5.676190807508676883e+00,-1.012227401184875031e-01
3.708089751460548911e+01,2.292116379775954449e-01,5.309123966129138950e+01,2.156048680797991945e+00,5.050638287560685891e-01,6.802536367925697824e+00,9.976764106784115071e+00,1.374491375932740622e+00,1.842637761939197816e+01,1.093429134409524689e-01,3.270456025766771546e+01,7.473645363385189739e+02,2.109679370942001597e+01,3.662124477463481576e+00,7.235355564020525820e-01,3.136559218746003452e+01,-2.662406168914899576e-02,6.901367122904643381e+00,-3.922189446492542475e-02
2.815805372499838199e+01,9.959815929503889054e-01,5.882151109400246725e+01,2.234306242457247738e+00,5.126282353227914479e-01,4.478164428381750106e+00,1.090635141823951670e+01,1.429499334840108604e+00,1.341874751792668619e+01,-2.849914554815105028e-01,2.627844722532130817e+01,7.183823739847681509e+02,1.874970109587595601e+01,3.966339517880853371e+00,6.017720526823313598e-01,2.636770796617978263e+01,5.152804855644077531e-02,6.242816037055280098e+00,-8.599621648609591384e-02
3.756840354547536265e+01,5.590170663796052430e-01,5.716246943006605363e+01,2.302668743319899125e+00,5.094973453449210821e-01,5.392391150384992393e+00,9.964061040136581227e+00,1.452089696251726680e+00,2.045708736474801626e+01,-2.069515624507883567e-01,3.021257222931960484e+01,8.580951584678618929e+02,2.472357071811221019e+01,3.945733678541470724e+00,1.442313776648807666e+00,3.415413093257892285e+01,5.278291452913604249e-03,6.643222029058606815e+00,-3.489337235376501617e-02
3.433032400692567165e+01,7.746928930237118038e-01,5.891051635703321665e+01,2.315473386155949775e+00,3.904895441831136016e-01,4.366048582342286544e+00,1.044432616723203111e+01,1.414465031342257095e+00,1.575624144317035658e+01,-3.290648414298761315e-01,2.404183860119478311e+01,7.490909235079184327e+02,1.736510663188520809e+01,3.799807433767758980e+00,2.705525449197030124e-03,2.885428779025815160e+01,-3.086984069168471553e-02,5.493993074829779388e+00,-8.055960995927051449e-02
3.025385510260873545e+01,4.381149906975155273e-01,5.797509265619076047e+01,2.142043506060248959e+00,4.369363680007825046e-01,3.555888269364288146e+00,1.043845225334029436e+01,1.364553897264541238e+00,1.129688235475491176e+01,-3.681561782181543285e-01,2.269121265690229095e+01,6.710515646020311351e+02,2.070337303795441031e+01,3.825049105314203501e+00,4.342844980612839412e-02,2.778047646570059470e+01,-3.950203860506993486e-02,5.600073250429534966e+00,-1.108806273375499279e-01
2.401794168594781098e+01,7.896237509858007320e-01,5.655858319614404195e+01,2.033128576694182232e+00,4.829315104762111899e-01,3.421349708427106062e+00,1.137078236717591295e+01,1.353917337085474015e+00,8.995920615076707705e+00,-4.176490314901922796e-01,2.402660684443231887e+01,6.999654747582553682e+02,1.935692501794845555e+01,3.801982012088286123e+00,5.245410617332634667e-02,2.448072131202554402e+01,2.512234829054624946e-02,5.433784719398148333e+00,-1.104811224604089204e-01
2.703602498688933764e+01,6.442740732156434502e-01,5.871727865408384162e+01,2.116206043895370925e+00,4.456753132325213529e-01,3.416486338877669393e+00,1.078958916026003223e+01,1.292201340926044217e+00,1.159873112085832680e+01,-4.353722127743887560e-01,2.474537016746756279e+01,7.478225558230493561e+02,1.860491288998547788e+01,3.398303427783881947e+00,-8.261911540836141751e-03,2.730296164924393665e+01,-8.720824544184057475e-03,6.417921152356536929e+00,-9.711039200946416927e-02
2.374661766620317849e+01,-3.435895297143749527e-01,4.998306478203667780e+01,2.030732434643639284e+00,3.140018571212233045e-01,5.335626904581396879e+00,8.515018721958538706e+00,1.147669359142178935e+00,1.874249486612431070e+01,-5.205962561270623956e-01,2.945185877328895785e+01,7.898124169978407281e+02,1.635618874844130133e+01,3.402164087605637377e+00,-1.365109904072056013e-01,1.272303127915815502e+01,-5.602034124655089209e-02,7.096800818110231113e+00,-7.917532358054091279e-02
2.992525056930413285e+01,2.735291151209735538e-01,5.907982823064124034e+01,2.405039090078203490e+00,5.689292725355332703e-01,4.971200414608976104e+00,1.035386711558461670e+01,1.322283329698522802e+00,2.003029910442241146e+01,-3.576934781941392694e-01,2.983808590931754168e+01,8.775121412999540098e+02,1.928223864733039505e+01,4.332105611406351642e+00,1.560714747608979547e+00,2.155811711894237703e+01,5.002193632505619325e-02,7.323767845822485079e+00,-5.201165810737977402e-02
4.707303055177798257e+01,-1.596625751648345526e+00,3.996427786046651676e+01,1.918129441022322412e+00,3.556989536022595599e-01,5.210770509611282186e+00,9.513471330098452583e+00,1.331605915198294854e+00,1.641358917010493457e+01,-4.762291575674074476e-03,3.113352888212429193e+01,6.150084013085063361e+02,1.578380806144837756e+01,3.257956815668265449e+00,-4.060749886673763465e-01,1.920899541787278508e+01,-5.043307466825983076e-02,6.147309514420949306e+00,-7.613756837866690608e-02
2.679823849369534372e+01,-5.013435299725821359e-01,4.806881365006741191e+01,1.849078745143854619e+00,4.045474763252615014e-01,4.295127240887309128e+00,1.009311725884165867e+01,1.277646009434551866e+00,1.523607748273664697e+01,-2.752374325969356161e-01,2.935220321962388823e+01,8.490366049960216515e+02,1.618544484008203810e+01,3.366849354659560145e+00,-4.940398658321917269e-01,1.091934883324795713e+01,2.077539997964692950e-02,6.966089396275823908e+00,-7.997167045611976166e-02
3.415370671551218607e+01,-3.609298048083410260e-01,5.517986379232932137e+01,2.293403444368784516e+00,3.545431217663250201e-01,3.794486008264825294e+00,8.815783297742976643e+00,1.280318690856411923e+00,1.413152513305092484e+01,-1.355690845341930018e-01,2.793629054001987555e+01,7.267649800507233522e+02,1.511907712173187868e+01,3.865125368461878264e+00,-9.430253236858066046e-02,1.870914450565791398e+01,-2.603983479925372699e-03,6.052771230891129228e+00,-8.938101207779096391e-02
1.455369982030561182e+01,4.180051836310103019e-01,5.058189597126143866e+01,1.506226220823103423e+00,1.846177477262607169e-01,4.123117195740655383e+00,7.960727258529523453e+00,1.156456639295483813e+00,8.129012701378302452e+00,-5.673991696056568390e-01,2.534599521502140007e+01,7.458634219200197322e+02,1.402225778509566823e+01,3.572049383222221319e+00,-1.700084305681255348e+00,3.095940317989438473e+00,-4.625011444517369841e-02,5.271705228334789162e+00,-1.185366824850073164e-01
1.781938547523987637e+01,2.468854960235069562e+00,5.517820766901469653e+01,1.515974549665235926e+00,4.837297115426729133e-01,5.808371737113031230e+00,9.289981344137970609e+00,1.089055133557437660e+00,1.683063765578091875e+01,-5.330726708810743508e-01,2.905485962141496969e+01,9.991950656893959604e+02,1.586455566562176855e+01,4.219794584559714679e+00,-2.697310064871895618e-01,2.238276702057114598e+00,2.425227534819365469e-02,7.182961333080167599e+00,-7.007414339607667686e-02
2.300444294235586895e+01,-6.398773741019017081e-01,4.772074263050159715e+01,1.713590847444172338e+00,3.365930596062399749e-01,6.187624945328400017e+00,9.236429128406820510e+00,1.119928201048961736e+00,1.389943655762367669e+01,-5.005455214715586187e-01,2.938112384458131388e+01,8.091093186706527831e+02,1.521256262350583910e+01,3.164730273562208485e+00,-5.651196273239760259e-01,6.582997354095700082e+00,-3.846537744832780742e-02,6.680977978537915085e+00,-7.756460107044552132e-02
2.463976290292254490e+01,4.589694607760316791e-01,5.533139047792360543e+01,2.250866634110909814e+00,2.691989210716718151e-01,4.109422313156697371e+00,8.984580351626663131e+00,1.232326440962782987e+00,1.023044192736133517e+01,-4.050359871882502349e-01,2.627348592016431894e+01,7.456146808317133718e+02,1.460609555006027271e+01,3.934482818778702207e+00,-2.629471561307432093e-01,1.042433095489924355e+01,-3.778937613247411627e-03,5.907657178513978202e+00,-9.255674292590622410e-02
1.791611466947213671e+01,1.267536202375458831e-01,4.827958492917455402e+01,1.782162380307380722e+00,3.015425486082874973e-01,4.827165583523904679e+00,8.693287812219013588e+00,1.186649962488772303e+00,9.768698138406847420e+00,-4.853029362089069654e-01,2.421771289166355601e+01,7.128915051302394659e+02,1.365455400253981466e+01,3.800927405995605302e+00,-5.288487509533718045e-01,4.438974894384287495e+00,-4.655164631114395817e-03,5.682985408217000156e+00,-1.039114450856385846e-01
3.228339680449730764e+01,-9.744585685416921883e-02,5.611625929839001969e+01,2.277904279859362280e+00,4.130404519668948726e-01,6.059138716741366615e+00,9.679499071208473637e+00,1.314989567877184129e+00,1.614672950256064610e+01,-1.623206904497271896e-01,2.965743598449967422e+01,7.841017225143071983e+02,1.919451247147403095e+01,4.169403204934249985e+00,8.337556919271787992e-01,1.720929759159128380e+01,9.561718740752236934e-02,6.706382847825627103e+00,-9.530698369606524847e-03
3.254492008729638286e+01,-9.171712355546740580e-02,4.944829667760669167e+01,2.187567309008827454e+00,4.906976964681044606e-01,8.358400407969204693e+00,1.054615320599597439e+01,1.288770308455695179e+00,2.009205549977592753e+01,-7.114539098673730577e-02,3.405207149621212182e+01,8.891884942725904466e+02,1.932087619822958402e+01,4.004124823575434533e+00,1.673008747367802362e+00,2.477418299489231401e+01,1.289338093978838751e-01,7.244775739369588408e+00,5.991189049210422779e-02
3.377873407400355177e+01,4.068534646090849471e-01,5.465086240591528366e+01,2.366669193739432853e+00,4.435312973612802190e-01,4.870804386134895303e+00,1.005400493312193966e+01,1.414294705747864977e+00,1.506415100452608513e+01,-2.244659105173038849e-01,2.894947325388590542e+01,7.632213533100328959e+02,2.031168624672085699e+01,4.293965921130810770e+00,1.432411365393692737e+00,2.456211227774878836e+01,1.514174654319842550e-01,6.064019264793424568e+00,-2.374760314777021875e-02
2.251355937788943962e+01,5.787094300527352297e-01,4.388828691699435325e+01,1.661561333056796874e+00,2.626613532862573930e-01,3.929031010794558743e+00,9.892251570328422616e+00,1.278332104159067839e+00,1.027503400759097651e+01,-4.855477764352106873e-01,2.658599882727270725e+01,6.689636996879467006e+02,1.765063372843013667e+01,3.547602874676910822e+00,-2.812317311302163780e-01,1.504464162367300872e+01,1.409795310388945455e-01,5.775168231641064409e+00,-6.162596837827785667e-02
2.012760877202530452e+01,5.314446313440797098e-01,4.113025942388570400e+01,1.441270360781711668e+00,2.908275056495444044e-01,3.717230666733387867e+00,1.064859678069646520e+01,1.210728600153124113e+00,1.013933381492582519e+01,-4.966133643164685751e-01,2.615334849681669027e+01,6.462294268983782786e+02,1.698513389445100330e+01,3.322823781091037265e+00,-6.532320530252501145e-01,1.298080644179791143e+01,1.384787477566947478e-01,6.129626091184579018e+00,-4.268842854572319628e-02
1.647727850923399373e+01,-5.285071303618527061e-01,3.756724484084767823e+01,1.406282426009121345e+00,1.789306077300940601e-01,4.028389387677144384e+00,9.219332137946144812e+00,1.193408619443444119e+00,8.280587128000643560e+00,-5.643667730091792567e-01,2.401044670740763465e+01,5.802924257178755170e+02,1.503361734728168742e+01,3.038667274931259321e+00,-1.453671144853958985e+00,9.745917129572868376e+00,8.546701216101268428e-02,5.633144007227798511e+00,-8.504264220934727725e-02
2.147818398707118703e+01,-5.946684518285485499e-01,4.095352384659724976e+01,1.739462963623554348e+00,3.062760970108155401e-01,3.678376338796389700e+00,9.532451459463832322e+00,1.197007678615290338e+00,8.919826181244747687e+00,-4.785542899595403021e-01,2.316865661269740073e+01,6.534134230989516254e+02,1.606894889683502470e+01,3.428139077438804971e+00,-1.000280055405235569e+00,1.403895461418295199e+01,9.943077525434061703e-02,5.647527996968453756e+00,-8.602534365240097070e-02
2.070172601353640829e+01,-4.776519738650669700e-01,3.773395120230619426e+01,1.434889135279041605e+00,2.939856948128941050e-01,4.811290815582918157e+00,1.011255937761202084e+01,1.212939476075017842e+00,9.432174272135096516e+00,-5.286792857258957312e-01,2.355539985024249461e+01,6.332631621131422435e+02,1.830467091546094238e+01,3.160818022459819687e+00,-9.665729117622022804e-01,1.527449030883265912e+01,1.826147432693996098e-01,6.164446175433544894e+00,-3.775187263198839793e-02
3.273604421998643943e+01,3.865317439510386199e-01,5.843813628963710016e+01,2.551573206624008883e+00,3.181616099447123758e-01,4.070700532235324687e+00,8.831948202946970028e+00,1.292741623033751397e+00,1.451745429778946850e+01,-2.571616183617373430e-01,2.760273952119088037e+01,7.710781321278136602e+02,1.595021296201909422e+01,4.038063577170636798e+00,7.516072169741673248e-01,2.249564460915559039e+01,-1.187315340117443309e-02,5.955737279045578703e+00,-7.960638708375943062e-02
2.763960505692729086e+01,2.995726655796857041e-01,4.788441771299876137e+01,2.075760529191196913e+00,3.684759845960490221e-01,3.799917978241675875e+00,1.026979995596181539e+01,1.271700617374410536e+00,1.396592832292043695e+01,-3.192403466035712012e-01,2.673844757858587684e+01,7.263792396301548706e+02,1.653340755202346912e+01,3.751623515745666992e+00,3.366595466356566146e-01,2.208881329406024463e+01,1.129678873713407111e-01,6.605633585108194872e+00,-6.647905350497057553e-02
2.802093379059354206e+01,-9.603768691214616127e-02,5.275076370537530579e+01,2.137936710179501265e+00,3.847464557638793914e-01,3.142728056264502801e+00,9.996139443179615114e+00,1.229480609799111779e+00,1.337666508718471015e+01,-3.546758440357792308e-01,2.597757460071194657e+01,7.132306059642778564e+02,1.495409375071220914e+01,3.741274020509251841e+00,-2.815015871061332109e-01,2.001952998313467091e+01,1.968575177417091968e-02,6.171818576908305154e+00,-1.060916419180483183e-01
2.371805143798817994e+01,-2.564216891498639073e-01,5.056001989451052481e+01,2.126080822539021309e+00,3.433741834704476248e-01,3.211570001479238989e+00,9.828445078148689618e+00,1.251890108375310007e+00,9.610764132635576829e+00,-3.752615815586653469e-01,2.383139445946651591e+01,6.947186001696854873e+02,1.513716614233501723e+01,3.869739915220658855e+00,-4.388984543517964743e-01,1.614390223429941429e+01,4.142583208329810897e-03,5.764675501165875460e+00,-1.073414699676872308e-01
2.340798002164742186e+01,-1.040559142337117660e+00,4.669109826435366983e+01,1.984096033106430568e+00,3.505206950024747914e-01,3.285417546788819809e+00,9.634571567301293271e+00,1.261184539609415234e+00,9.546378545301420715e+00,-4.042969868240553488e-01,2.156138961180734981e+01,6.380169866068712281e+02,1.660434993403067594e+01,3.857879997501269198e+00,-5.779068075387324699e-01,1.933948459810140719e+01,3.486700851038762594e-02,5.724331908923650403e+00,-1.066902705560799081e-01
2.830650737570760356e+01,1.077315367165068150e+00,5.610524315439099752e+01,2.004050290468015749e+00,4.316139964853965005e-01,3.796943286977731535e+00,1.119722703148604914e+01,1.301272289640015067e+00,1.450100309260681009e+01,-4.091295200068046922e-01,2.830893651555093626e+01,7.553244051061983555e+02,1.866309338401837081e+01,3.695406907421957765e+00,5.411135556918627021e-01,2.474403713033482433e+01,7.785928306436816493e-02,6.540267331953393715e+00,-7.235439359226826517e-02
2.445182286753139422e+01,3.599589495606558276e-01,5.117195263119494797e+01,1.782671783844944402e+00,3.493897378082215233e-01,3.330842130508454790e+00,1.071710872394396041e+01,1.226830475888353700e+00,1.172138606398231353e+01,-4.963196562401320233e-01,2.519569372408317776e+01,6.833167664707497124e+02,1.819186632764255052e+01,3.139663547790008113e+00,-5.405872503899662451e-01,2.348706424688876737e+01,4.271410588272174513e-02,6.183641259317259831e+00,-8.349993977783737309e-02
3.363894129712313230e+01,4.150943922817442178e-01,6.001253754922887396e+01,2.687295211280504859e+00,4.113681226468840491e-01,4.400058919677255709e+00,9.604224687690392059e+00,1.301647683447993087e+00,1.638050077803200111e+01,-1.744403720274034231e-01,2.856580052231297273e+01,7.746844341110505638e+02,1.592943166291313162e+01,4.050567284951618774e+00,1.129614232357232240e+00,2.403037776475826703e+01,5.141769745714681178e-02,6.515625932840716672e+00,-6.310309835430306935e-02
3.158220048954320092e+01,3.073976513986148018e-01,5.604384455409688570e+01,2.559568725391271560e+00,3.028295526381768465e-01,4.176149369529437827e+00,9.120589492688502276e+00,1.348546899189906556e+00,1.463576182876458986e+01,-3.101850268509659392e-01,2.705124446221117651e+01,7.339590713327262392e+02,1.694779236340209039e+01,3.969099710496751587e+00,1.038898472316261756e+00,2.702710317051090883e+01,5.639261176004498749e-02,5.761897550992698847e+00,-7.573074543640483103e-02
4.359958373634645312e+01,5.418499092050350630e-01,4.977494849686024736e+01,2.248178085163910378e+00,5.309702012659084369e-01,7.544890739882268882e+00,1.048390046153958011e+01,1.453848738334958979e+00,2.024593390048622865e+01,1.281068638148606387e-01,3.622845807788878858e+01,7.863199420157599207e+02,2.388147708203085173e+01,4.430231573302811476e+00,1.614979373423933495e+00,3.155921409740735939e+01,7.116512574935901503e-02,7.153792343163304146e+00,1.244862852450652653e-02
2.593024754702310730e+01,-3.914823117143749753e-01,5.366425808143436171e+01,2.241939110142459057e+00,3.195406095573593008e-01,5.701802474951317201e+00,1.017277071841171754e+01,1.252414063554302404e+00,1.683927144202427328e+01,-4.615479179726435510e-01,3.001554608126298973e+01,7.119002043071545813e+02,1.760718370980096736e+01,3.323752434046966631e+00,4.422014356970516702e-01,2.467656080510121086e+01,7.070967444580647521e-02,6.610852857290661966e+00,-3.982986345010335744e-02
2.621242636827289729e+01,2.871394320437582470e-01,5.192336320225855673e+01,1.955676160266620167e+00,3.675222908655026433e-01,4.962220138094313171e+00,1.077904405359427109e+01,1.303397958060105610e+00,1.328716063110623580e+01,-3.963476632819050716e-01,2.662486069208006612e+01,7.248729042078824705e+02,2.133028281927108694e+01,3.351535096575816386e+00,1.235832586932652521e-01,2.843766411418254592e+01,8.315059610039164661e-02,6.489290243156872862e+00,-3.234218522134591628e-02
3.324948229226102114e+01,-1.359983020582066215e-01,5.505300759124937571e+01,2.191495303980613762e+00,2.818180715312824658e-01,5.257739539923891314e+00,9.790669720312774160e+00,1.373968504075305797e+00,1.916628348226158707e+01,-1.795037033090604583e-01,3.009470890903634199e+01,6.587942472983992275e+02,1.990170278625170042e+01,3.840535444529236120e+00,1.153446260970232146e-01,3.173712333484356662e+01,-7.523511008756328389e-02,6.544857625022785008e+00,-4.947663451548360569e-02
4.730536374606739969e+01,-1.530635669214606809e+00,4.608977234297249481e+01,2.320382769416300839e+00,3.242249174279636104e-01,6.347510417573445807e+00,8.241522060090877844e+00,1.363506728419363156e+00,1.521199753443331026e+01,2.043516888115660679e-01,2.955979105469527468e+01,5.179698023432217724e+02,1.495701483563407486e+01,3.946852946029669074e+00,-3.789833463886961851e-01,2.695130733750410812e+01,-1.170196275752304338e-01,6.513193807515890832e+00,-1.020273504263359554e-01
2.711970221566257777e+01,-2.164051376449326602e-01,5.743163684458290419e+01,2.575531963475910846e+00,1.307508090395275713e-01,3.075994065903143060e+00,7.618269726503803518e+00,1.303569521243392204e+00,1.205913182277799933e+01,-4.503402988179338595e-01,2.442278480529785156e+01,6.786236617649424261e+02,1.451372015219502742e+01,3.460303560563231962e+00,-1.581632296649467251e-01,2.529088388281671484e+01,-7.561061988239084486e-02,4.947754507593280948e+00,-1.166046250215851260e-01
2.360942273976877104e+01,-1.492105781578127455e-01,5.847806937733547983e+01,2.518512694036527666e+00,1.761548764313231041e-01,3.086842639049004244e+00,8.440075635938043774e+00,1.339856227852852300e+00,1.095275897433439205e+01,-4.044660961225145512e-01,2.306909129320284890e+01,6.964023907389862416e+02,1.545669369385542780e+01,3.811343701146682861e+00,-1.690012906786423907e-01,2.083525640087693986e+01,-6.504491472035563160e-02,4.971884468638567256e+00,-1.109971980578685902e-01
3.272876768587448026e+01,9.380691960468413582e-01,5.956842637220851344e+01,2.259008309345042598e+00,2.850964869973927063e-01,4.101419885855771774e+00,1.051675293390349530e+01,1.411427651401401251e+00,1.625872557844953903e+01,-3.617565280952756424e-01,2.502072597047635583e+01,7.475922884381318454e+02,1.832914415416874832e+01,4.084910029286048072e+00,1.146411613299451182e-01,2.946713043187159187e+01,-2.263328904385147194e-02,5.718075430465146880e+00,-8.626356603030754799e-02
2.862452281986270819e+01,1.296642767880318292e+00,5.715883483385285047e+01,2.183343897372027165e+00,3.803486808294540555e-01,4.058076524278647845e+00,1.085385638204099479e+01,1.385998983617110936e+00,1.393673175439618106e+01,-3.920269901224450737e-01,2.705103517507577848e+01,7.388574862832402914e+02,1.864756045367128223e+01,4.145137862158826181e+00,4.204044604284274400e-01,2.672953893192257624e+01,4.210831861087938055e-02,6.025681565488220315e+00,-8.134065794570587149e-02
3.327866196343065752e+01,1.254950902874886420e+00,5.759792938379865745e+01,2.177367685075120463e+00,3.704963285532493766e-01,3.830459915723876563e+00,1.062037158005585979e+01,1.406163256139107531e+00,1.474491525730788588e+01,-3.817732221261419534e-01,2.589898841544373553e+01,7.183658406761745709e+02,1.872464044076848566e+01,4.069709015735162971e+00,5.567689351407028031e-01,3.126709189606600958e+01,-1.699174688837956637e-03,6.019892472054027444e+00,-8.178603662139295738e-02
2.598468279695109118e+01,6.239535539961319488e-01,5.470573469034654579e+01,1.941042488048497994e+00,2.708937863508141808e-01,3.258416290309593233e+00,1.009880066059008463e+01,1.275495688411801831e+00,1.141261312485146817e+01,-5.448379992821780204e-01,2.444642068426529491e+01,6.634639293662914952e+02,1.733265965034360079e+01,3.619356236996739806e+00,-2.491720813680508295e-01,2.462071839307170151e+01,-2.922638240182311511e-02,5.346426887756191348e+00,-1.142306834042770558e-01
2.619642505502728724e+01,-8.298328643761221368e-01,5.503191271015241881e+01,2.147149050183463359e+00,2.248868176803273111e-01,5.742898162673501616e+00,9.735718348196574112e+00,1.129047163945882559e+00,1.761473854157317831e+01,-5.503764755972805345e-01,3.065396908055181058e+01,8.120559257854221187e+02,1.493991263342552500e+01,2.634286089176248513e+00,-7.128458033547890871e-02,2.061740207817510395e+01,-2.834760200822733500e-02,6.523753947824701527e+00,-3.529492148797200302e-02
2.637053671784859077e+01,3.705754043504327910e-01,5.177260120998729320e+01,2.062604512576456717e+00,4.133982500240674374e-01,5.032364055215618137e+00,1.053745110355853676e+01,1.348485446701439106e+00,1.511905085004246807e+01,-3.034587404532200772e-01,2.972965087991276789e+01,7.764048679314440733e+02,2.245627077924887161e+01,3.379425890478715999e+00,5.667248548614030046e-01,3.071694341148305085e+01,4.465907821045989046e-02,6.685799695764268691e+00,-3.156573015922817249e-02
2.614665719259295074e+01,-2.556354497897637013e-03,5.309997481942827591e+01,2.203395317181507274e+00,5.041168313547433888e-01,4.128799012583015404e+00,1.029618952635208018e+01,1.255517436946995913e+00,1.435730789196684754e+01,-3.757033811463159623e-01,2.636767364288709103e+01,7.687684589776695248e+02,1.722287811106031086e+01,4.059482396247038771e+00,7.996229319752156117e-01,1.692604428220479562e+01,4.131552937891944804e-02,6.908576951750179163e+00,-7.792704700623163949e-02
3.122228377072799077e+01,5.051304353622014798e-01,5.801127077204293414e+01,2.624888945808872887e+00,3.437558674603840014e-01,3.704204221090397819e+00,9.342853248321306481e+00,1.337285969734538060e+00,1.471436191562469276e+01,-2.403774819698236975e-01,2.691719990391884920e+01,7.726823878031291315e+02,1.594058928490839122e+01,3.994819295963151440e+00,9.230514526860297275e-01,2.621873242811860649e+01,1.081698438326674080e-03,6.133272542086756651e+00,-8.668514595353948859e-02
3.566667119252071672e+01,-5.800093348478611022e-01,6.068269286199807055e+01,2.710830862114142814e+00,3.947284620106141784e-01,3.626440944615272777e+00,9.281038195854126371e+00,1.372035375768245080e+00,1.537825479546852314e+01,8.492799467345533981e-02,2.776440849657412002e+01,6.843954859825648782e+02,1.597279822128114724e+01,4.219420147205562799e+00,2.170476760123122573e-01,2.418376596348200636e+01,1.363805971270943759e-02,6.068548806769531900e+00,-9.849860488493303312e-02
4.395962406761275076e+01,-1.124297199694908933e+00,5.187395461382381967e+01,2.515577496378340605e+00,4.475862761844751625e-01,6.127501874279442262e+00,9.171948360622144136e+00,1.403784351994952662e+00,1.725400081952102482e+01,1.802477088179219589e-01,2.921140717267990183e+01,6.594323165775191455e+02,1.686291307114091609e+01,4.004765871307049530e+00,4.315452935441201343e-01,2.666106730406853487e+01,-2.435949361687322900e-02,6.575190367197597752e+00,-5.686916931377435785e-02
3.757772994285829071e+01,2.475814843916140096e-01,6.135280909143032346e+01,2.671905890142261430e+00,4.649004961055187568e-01,4.588992244759675820e+00,1.011372452499111496e+01,1.309299732960800267e+00,1.814787286197766747e+01,1.382397568551661272e-02,2.998596922723870506e+01,7.843722760320423504e+02,1.624781161447139866e+01,4.082438300760433236e+00,1.128588533377735237e+00,2.464791959176593750e+01,6.414990611322059222e-02,7.069638863275006457e+00,-4.431933072404091456e-02
3.491162359735796628e+01,5.055667212614403105e-01,5.337267634223746882e+01,2.046643002532137601e+00,4.292343983810450458e-01,6.099987456085147919e+00,1.020628981399072543e+01,1.364477521539603444e+00,1.753537214090232155e+01,-1.178064901519184499e-01,3.129513061841328891e+01,7.499048184099833634e+02,2.079620471354098754e+01,3.891220319024847107e+00,5.038154907764131885e-01,2.974761391293577617e+01,1.222175052716346043e-02,6.805130737257516493e+00,-4.852563932187483470e-02
2.680252222530009121e+01,4.841998582027420839e-01,5.664646250845259345e+01,2.127736462030491715e+00,4.008733201680243496e-01,4.311769923606874499e+00,1.062581950784754348e+01,1.360213548329293198e+00,1.322535157156668895e+01,-3.581030819877277227e-01,2.714789185105708569e+01,6.927816749869347177e+02,2.021579860638980009e+01,4.232258388824198470e+00,2.237405457504303696e-01,2.371153095079863604e+01,5.280086359239670457e-02,5.860115412973228466e+00,-9.651557750988731810e-02
3.614169220501707258e+01,4.445305275497056785e-01,5.271044606970566804e+01,2.201839380289658532e+00,4.730534167670319978e-01,4.904681966365444623e+00,1.010505396511934428e+01,1.444496341049671173e+00,1.924112135186038586e+01,-2.401584935826763523e-01,2.957783989828141102e+01,8.073966925341400156e+02,2.328076728548802166e+01,3.784625764932172842e+00,1.083373978094416490e+00,3.239434215795645144e+01,1.620801845103438457e-02,6.753360909772168519e+00,-4.341227657214608709e-02
3.001738515415585695e+01,3.334630649455651019e-01,5.642250868442121714e+01,2.069409812175933006e+00,3.435814322581238756e-01,3.313403480038964677e+00,1.017648045476500762e+01,1.320854869196861792e+00,1.181839884828169929e+01,-4.138967512857847364e-01,2.264961277266680284e+01,6.696273053806859252e+02,1.900046019563042421e+01,3.612983868184599157e+00,1.734871076085097233e-02,2.856108101759544127e+01,-7.447122379559760474e-02,5.759218184445892064e+00,-1.176087100316508399e-01
2.860603953130248911e+01,8.587460436563789656e-01,5.646244044111084293e+01,1.978487511734275728e+00,4.150967429215546844e-01,3.062934846003079858e+00,1.075922255054056365e+01,1.303841677338004601e+00,1.332592422098727347e+01,-4.393575556968695173e-01,2.528324701587928303e+01,7.203850742534203846e+02,1.898436045771143199e+01,3.650610419997129874e+00,1.220024561473530278e-01,2.847403000573891774e+01,-1.175482457666844963e-02,6.470338935693856541e+00,-9.525109896499245332e-02
2.206845683165763461e+01,-1.220079358339019038e+00,4.738926514827638670e+01,2.049501396989789281e+00,3.136295591670087424e-01,5.566863210938617357e+00,9.207296240714288871e+00,1.120171183780316326e+00,1.821007620739792188e+01,-5.471155604878985557e-01,2.979440141703984679e+01,7.848335067629203650e+02,1.517359550946181734e+01,3.061905246663598312e+00,6.413964360528248698e-02,1.344177686222633561e+01,-7.405635377913570572e-02,7.177016602043911675e+00,-8.753032382182898696e-02
2.741106290109506816e+01,-9.606724423894999476e-02,6.025324079654360787e+01,2.397502539161867841e+00,4.741537657120607485e-01,5.120954467066182403e+00,1.029837581060453822e+01,1.239733498266037293e+00,1.912765197234446291e+01,-4.349420760384489215e-01,3.005361490452543194e+01,8.335008614433787670e+02,1.695865037771662642e+01,3.781437603345138676e+00,1.026839628193537024e+00,2.040214139458158726e+01,2.139744939769039692e-02,7.253526684323191809e+00,-5.276273186552948163e-02
5.059440454002609755e+01,-1.988490369231501464e+00,1.705978912600458131e+01,1.806128770362315672e+00,2.601980923580657912e-01,4.412285166652593738e+00,9.642876631747453686e+00,1.346213411181591990e+00,1.222122343761979479e+01,-1.773311256019260707e-01,3.491201611110142267e+01,5.277033581186384481e+02,1.463298843094171708e+01,2.711035218292799698e+00,-9.541140499342447567e-01,1.065682336331478197e+01,-6.235188616735216210e-02,7.502406025041322479e+00,8.432114861501452396e-02
3.934345441119137377e+01,-7.757965390781866866e-01,1.594884017973956603e+01,1.560144202299551974e+00,2.314258593394584729e-01,9.358530604984702350e+00,9.428116111980427760e+00,1.404962870091815308e+00,1.797181736737694635e+01,5.696481854006055778e-01,4.015363868223418109e+01,4.455915722208611669e+02,2.610534401312690278e+01,3.938134827225257428e+00,-1.258618921217489195e+00,4.134439645916620520e+01,-3.781487433360536388e-02,6.567126165318811104e+00,1.397349965337183197e-01
5.647543060785321423e+00,-1.856251469617241412e+00,8.228783083865110370e+00,1.370515830175451422e+00,1.260333776242221204e-01,1.689118081919137282e+01,1.886345736185709754e+01,1.056497323439872904e+00,1.447216590478226728e+01,4.999227410812012717e-01,3.419006944739300025e+01,3.452377172244438270e+02,1.682423644102821214e+01,1.074102199277828573e+00,-1.558066033265327111e+00,3.977556710662927486e+01,2.989610667343352568e-01,8.331858236588557176e+00,1.685905994441148081e-01
2.728659936866090874e+00,-1.860035045692737921e+00,1.365724542920279028e+01,1.329273028260907763e+00,1.257720344260067347e-01,1.421034079926128335e+01,2.246278262261970937e+01,1.020904179027278369e+00,1.265440527031267059e+01,9.260366502651732334e-01,3.756135262709397438e+01,3.598536359344274160e+02,1.751681974708759171e+01,7.985613428406022063e-01,-2.416019224633039197e+00,5.415389103371013846e+01,2.022179003155551158e-01,8.625062719802341960e+00,1.527833976345674971e-01
6.429149308593289369e+00,1.499194268602331404e+00,1.290094362874720879e+01,5.542195441161456237e+00,9.237966270345013831e-01,1.484106757604383198e+01,1.199787799788684417e+01,1.442081932614489359e+00,6.163778981288368186e+01,4.275775190034052819e+00,7.405842665375256217e+01,6.047233302790943981e+02,5.226476569873531020e+01,7.273002295232400272e+00,1.427584208239602637e+00,7.040474104896362917e+01,-2.912189371945271207e-02,7.847815627291466534e+00,7.596489017349532524e-01
1.997926907784530970e+00,2.933084361605461154e+00,6.541015299746565148e+00,5.202753602319462267e+00,5.818913082893223399e-01,1.576055514159475912e+01,1.049124378688407688e+01,1.697493659426467572e+00,3.486968022764943242e+01,2.041354240523960861e+00,6.365647152491978034e+01,3.405117737452189317e+02,3.890228705454354241e+01,1.873387231557357202e+00,-2.767605531392739238e+00,1.748635797341453824e+01,-8.668026927182955962e-03,7.518649106283559647e+00,3.658221856921859971e-01
9.288760490801799108e+00,1.835826052321272162e-01,1.278126107563839398e+01,6.315781510557008538e+00,1.012597881133081135e+00,1.514818355633462765e+01,1.149218337958002323e+01,1.518267527886382195e+00,6.422698453209940794e+01,4.448372117956801652e+00,6.674448141875090812e+01,5.412985880581998117e+02,4.393988907191163662e+01,6.182406921993385041e+00,7.952956598137530531e-01,3.984230189240770414e+01,4.437433603870764333e-03,8.193432950980207963e+00,1.065492308987670667e+00
7.600573737157652054e-01,-1.432972770045467525e+00,4.907955310358474321e+00,5.461753455379803057e+00,9.905605612686653183e-01,9.130544508891318856e+00,1.171667523685542989e+01,1.160826002421050163e+00,6.084657889005728038e+01,4.081821627962764154e+00,6.266401791381836262e+01,3.711745860088830682e+02,3.140381550925901522e+01,5.282351918330137508e+00,1.747815288685788948e-02,4.422085810037795284e+01,-2.112304591708923651e-01,7.504194789865366921e+00,8.898153120468862420e-01
5.057088455966204776e+01,-2.254519214514833170e+00,1.788145725120575946e+01,1.969849074910763997e+00,1.555480278741586675e-01,5.318547933245938886e+00,9.641925260216044791e+00,1.308642886474751688e+00,1.197089771144424653e+01,-2.313792711803905888e-01,3.628279001257392622e+01,5.662066788748654744e+02,1.400088576395441109e+01,2.484139285164756128e+00,-9.875204635497862871e-01,1.261829202790811166e+01,-7.403712798036585219e-02,7.655636523015739492e+00,8.535949059756087198e-02
4.198782596452934257e+01,-1.039778997847228270e+00,1.907320384607755059e+01,1.634361318760662041e+00,1.381463720004169615e-01,1.016026029545535714e+01,8.940982466033011278e+00,1.394162573981465814e+00,1.607557357908271811e+01,4.689502123119432264e-01,4.109745991904780738e+01,4.506671280614036732e+02,2.023318796266208963e+01,3.343186212929360579e+00,-1.298080220950507346e+00,4.170598311300327765e+01,-7.072941906533355971e-02,6.326912640677718969e+00,1.225771244757007800e-01
4.836997984181077292e+00,-1.861105613733501363e+00,1.056162089309529684e+01,1.453179468500479965e+00,-7.497327299390672654e-03,1.933129995377241883e+01,1.713050726079201524e+01,9.873096256755119482e-01,1.318782518779156376e+01,4.958289092723676683e-01,3.566903004853621439e+01,3.747948750789769861e+02,1.545592688513048607e+01,8.949834782755343721e-01,-1.522036419645122596e+00,4.459981081402941783e+01,3.007010075279697436e-01,8.599396850390919056e+00,1.720707817356748326e-01
3.433428445182015842e+00,-1.835580769144861124e+00,1.444873118627415032e+01,1.304424540403315236e+00,2.968120548150835966e-02,1.396885727107069819e+01,2.066637975870189692e+01,9.915991012127168824e-01,1.127710753151861489e+01,8.909976111352316819e-01,3.913330672857329517e+01,4.000161837873787931e+02,1.611819668539932948e+01,7.325604199211881440e-01,-2.569388737073042606e+00,5.581165225721031931e+01,1.952725449952138481e-01,8.234071684228513988e+00,1.439245551210745766e-01
7.726625346289393903e+00,1.216465139350729974e+00,1.736261624536741976e+01,4.609769646441733926e+00,7.372199786891836526e-01,1.299962629710750228e+01,1.105191953710062513e+01,1.357811597745810062e+00,5.479948593616912689e+01,3.516469486813821543e+00,6.951026827494303006e+01,6.707567121061858870e+02,3.907655428535309738e+01,6.694727162371820306e+00,1.237170392171343281e+00,6.459068640122616500e+01,-5.262374304493730448e-02,7.566013865169442631e+00,7.171559513023597621e-01
1.781027511311082501e+00,2.510468124603704609e+00,7.547132072167089589e+00,4.791289817260174999e+00,2.923253460345093813e-01,1.660232803086400466e+01,1.226192048824194636e+01,1.608284005010971018e+00,2.626007267585789151e+01,1.134291016215033254e+00,6.936800043923514636e+01,3.444900456727153255e+02,3.541467792879451082e+01,1.382747186366656722e+00,-3.537683947114917959e+00,1.757272810738703228e+01,2.290423077324198198e-02,7.175750917638413107e+00,1.916245170214383453e-01
6.373282067522172412e+00,3.722144719049841344e-01,1.302407155881932255e+01,6.872205325794872977e+00,9.599712106807858358e-01,1.619395656137720962e+01,1.163724394165858911e+01,1.482580997630588815e+00,6.409951045197064445e+01,4.010243662249223462e+00,6.750889853018301778e+01,5.252687227869352000e+02,4.575818410456047758e+01,5.311185448930364039e+00,4.386046366462242885e-01,4.085658342206497196e+01,-3.835755968751079076e-02,8.276973393047985184e+00,1.064608361166231809e+00
7.034381336012247576e-01,-1.762466567351373747e+00,5.170664230282007168e+00,5.036317704614938329e+00,6.554742765758084788e-01,7.910021357572080802e+00,9.060240424775528822e+00,1.050505074430471142e+00,5.454680790056874429e+01,3.118468696516991212e+00,5.923174971183844661e+01,3.547667393263124040e+02,2.746517719838811189e+01,4.399656262548490737e+00,-9.274924686408009267e-01,4.183694004024527402e+01,-2.831905554626779065e-01,7.146187861652563811e+00,7.808572226592610521e-01
